yearID,round,playerID,teamID,lgID,G,AB,R,H,2B,3B,HR,RBI,SB,CS,BB,SO,IBB,HBP,SH,SF,GIDP
1884,WS,becanbu01,NY4,AA,1,2,0,1,0,0,0,0,0,,0,0,0,,,,
1884,WS,bradyst01,NY4,AA,3,10,1,0,0,0,0,0,0,,0,1,0,,,,
1884,WS,carrocl01,PRO,NL,3,10,2,1,0,0,0,1,0,,1,1,0,,,,
1884,WS,dennyje01,PRO,NL,3,9,3,4,0,1,1,2,0,,0,3,0,,,,
1884,WS,esterdu01,NY4,AA,3,10,0,3,1,0,0,0,1,,0,3,0,,,,
1884,WS,farreja02,PRO,NL,3,9,3,4,2,0,0,0,1,,0,0,0,,,,
1884,WS,forstto01,NY4,AA,1,3,0,0,0,0,0,0,0,,0,1,0,,,,
1884,WS,gilliba01,PRO,NL,3,9,3,4,2,0,0,2,0,,0,1,0,,,,
1884,WS,hinespa01,PRO,NL,3,8,5,2,0,0,0,1,2,,3,0,0,,,,
