playerID,birthYear,birthMonth,birthDay,birthCountry,birthState,birthCity,deathYear,deathMonth,deathDay,deathCountry,deathState,deathCity,nameFirst,nameLast,nameGiven,weight,height,bats,throws,debut,finalGame,retroID,bbrefID
aardsda01,1981,12,27,USA,CO,Denver,,,,,,,David,Aardsma,David Allan,215,75,R,R,2004-04-06,2015-08-23,aardd001,aardsda01
aaronha01,1934,2,5,USA,AL,Mobile,,,,,,,Hank,Aaron,Henry Louis,180,72,R,R,1954-04-13,1976-10-03,aaroh101,aaronha01
aaronto01,1939,8,5,USA,AL,Mobile,1984,8,16,USA,GA,Atlanta,Tommie,Aaron,Tommie Lee,190,75,R,R,1962-04-10,1971-09-26,aarot101,aaronto01
aasedo01,1954,9,8,USA,CA,Orange,,,,,,,Don,Aase,Donald William,190,75,R,R,1977-07-26,1990-10-03,aased001,aasedo01
abadan01,1972,8,25,USA,FL,Palm Beach,,,,,,,Andy,Abad,Fausto Andres,184,73,L,L,2001-09-10,2006-04-13,abada001,abadan01
abadfe01,1985,12,17,D.R.,La Romana,La Romana,,,,,,,Fernando,Abad,Fernando Antonio,220,73,L,L,2010-07-28,2017-10-01,abadf001,abadfe01
abadijo01,1850,11,4,USA,PA,Philadelphia,1905,5,17,USA,NJ,Pemberton,John,Abadie,John W.,192,72,R,R,1875-04-26,1875-06-10,abadj101,abadijo01
abbated01,1877,4,15,USA,PA,Latrobe,1957,1,6,USA,FL,Fort Lauderdale,Ed,Abbaticchio,Edward James,170,71,R,R,1897-09-04,1910-09-15,abbae101,abbated01
abbeybe01,1869,11,11,USA,VT,Essex,1962,6,11,USA,VT,Colchester,Bert,Abbey,Bert Wood,175,71,R,R,1892-06-14,1896-09-23,abbeb101,abbeybe01
