yearID,lgID,teamID,franchID,divID,Rank,Ghome,DivWin,WCWin,LgWin,WSWin,name,park,attendance,BPF,PPF,teamIDBR,teamIDlahman45,teamIDretro
1871,NA,BS1,BNA,,3,,,,N,,Boston Red Stockings,South End Grounds I,,103,98,BOS,BS1,BS1
1871,NA,CH1,CNA,,2,,,,N,,Chicago White Stockings,Union Base-Ball Grounds,,104,102,CHI,CH1,CH1
1871,NA,CL1,CFC,,8,,,,N,,Cleveland Forest Citys,National Association Grounds,,96,100,CLE,CL1,CL1
1871,NA,FW1,KEK,,7,,,,N,,Fort Wayne Kekiongas,Hamilton Field,,101,107,KEK,FW1,FW1
1871,NA,NY2,NNA,,5,,,,N,,New York Mutuals,Union Grounds (Brooklyn),,90,88,NYU,NY2,NY2
1871,NA,PH1,PNA,,1,,,,Y,,Philadelphia Athletics,Jefferson Street Grounds,,102,98,ATH,PH1,PH1
1871,NA,RC1,ROK,,9,,,,N,,Rockford Forest Citys,Agricultural Society Fair Grounds,,97,99,ROK,RC1,RC1
1871,NA,TRO,TRO,,6,,,,N,,Troy Haymakers,Haymakers' Grounds,,101,100,TRO,TRO,TRO
1871,NA,WS3,OLY,,4,,,,N,,Washington Olympics,Olympics Grounds,,94,98,OLY,WS3,WS3
