playerID,yearID,teamID,lgID,round,POS,G,GS,InnOuts,PO,A,E,DP,TP,PB,SB,CS
beaumgi01,1903,PIT,NL,WS,CF,8,8,210,21,0,0,0,0,,,
branski01,1903,PIT,NL,WS,1B,8,8,210,81,6,3,5,0,,,
clarkfr01,1903,PIT,NL,WS,LF,8,8,210,18,0,1,0,0,,,
colliji01,1903,BOS,AL,WS,3B,8,8,213,9,18,1,1,0,,,
crigelo01,1903,BOS,AL,WS,C,8,8,213,54,7,3,2,0,0,,
dinnebi01,1903,BOS,AL,WS,P,4,4,105,2,9,0,0,0,,,
doughpa01,1903,BOS,AL,WS,LF,8,8,213,13,3,1,1,0,,,
ferriho01,1903,BOS,AL,WS,2B,8,8,213,18,23,2,2,0,,,
freembu01,1903,BOS,AL,WS,RF,8,8,213,10,0,0,0,0,,,
