playerID,yearID,stint,teamID,lgID,POS,G,GS,InnOuts,PO,A,E,DP,PB,WP,SB,CS,ZR
abercda01,1871,1,TRO,NA,SS,1,1,24,1,3,2,0,,,,,
addybo01,1871,1,RC1,NA,2B,22,22,606,67,72,42,5,,,,,
addybo01,1871,1,RC1,NA,SS,3,3,96,8,14,7,0,,,,,
allisar01,1871,1,CL1,NA,2B,2,0,18,1,4,0,0,,,,,
allisar01,1871,1,CL1,NA,OF,29,29,729,51,3,7,1,,,,,
allisdo01,1871,1,WS3,NA,C,27,27,681,68,15,20,4,18,,0,0,
ansonca01,1871,1,RC1,NA,1B,1,0,15,7,0,0,0,,,,,
ansonca01,1871,1,RC1,NA,2B,2,1,30,3,4,1,0,,,,,
ansonca01,1871,1,RC1,NA,3B,20,19,555,38,52,28,2,,,,,
