playerID,yearID,stint,teamID,lgID,POS,G,GS,InnOuts,PO,A,E,DP,PB,WP,SB,CS,ZR
aaronha01,1954,1,ML1,NL,LF,105,102,2773,205,4,6,0,,,,,
aaronha01,1954,1,ML1,NL,RF,11,11,320,12,1,1,1,,,,,
abramca01,1954,1,PIT,NL,LF,5,5,120,12,2,0,0,,,,,
abramca01,1954,1,PIT,NL,RF,8,6,173,11,0,0,0,,,,,
abramca01,1954,2,BAL,AL,CF,12,12,300,36,1,0,0,,,,,
abramca01,1954,2,BAL,AL,RF,103,98,2638,213,5,6,1,,,,,
amorosa01,1954,1,BRO,NL,CF,2,1,33,1,0,0,0,,,,,
amorosa01,1954,1,BRO,NL,LF,69,67,1786,148,6,2,1,,,,,
amorosa01,1954,1,BRO,NL,RF,2,0,2,0,0,0,0,,,,,
